{"metaVersion":2,"name":"15 - Desligamento","icon":"fad fa-project-diagram","executionType":"InterfaceWeb","author":"usuarioponto","created":"2024-12-12T17:02:24.000","simple":false,"embedded":false,"viewName":"bpm_desligamento_dev_V2","contextVariable":[{"id":"4028dc0890828ea301908291028a0217","processId":34,"processVersion":13,"name":"avisoPrevio","label":"Aviso prévio","variableType":"String","visible":false,"orderField":25,"visibleForRequester":false,"deprecated":false,"visibleForDecisionCenter":false},{"id":"402814c393b136540193b1af142a4f82","processId":34,"processVersion":13,"name":"NSlaBp","label":"SLA do BP","variableType":"Integer","visible":false,"orderField":11,"visibleForRequester":false,"deprecated":false,"visibleForDecisionCenter":false},{"id":"4028dc0890828ea301908291027f0210","processId":34,"processVersion":5,"name":"observacaoRh","label":"Observação do RH","variableType":"String","visible":false,"orderField":2,"visibleForRequester":false,"deprecated":true,"visibleForDecisionCenter":false},{"id":"4028dc0890828ea30190829102810211","processId":34,"processVersion":5,"name":"observacaoCsc","label":"Observação do CSC","variableType":"String","visible":false,"orderField":3,"visibleForRequester":false,"deprecated":true,"visibleForDecisionCenter":false},{"id":"402835c293ba89d00193badc88190347","processId":34,"processVersion":13,"name":"cargoColaborador","label":"Cargo do colaborador","variableType":"String","visible":false,"orderField":9,"visibleForRequester":false,"deprecated":false,"visibleForDecisionCenter":false},{"id":"40286261936d486301936df0d2f053de","processId":34,"processVersion":13,"name":"usuarioGestorRegional","label":"Usuário do gestor regional","variableType":"String","visible":false,"orderField":16,"visibleForRequester":false,"deprecated":false,"visibleForDecisionCenter":false},{"id":"4028dc0890828ea3019082910291021b","processId":34,"processVersion":13,"name":"dDataAvisoPrevio","label":"Data do aviso prévio","variableType":"String","visible":false,"orderField":28,"visibleForRequester":false,"deprecated":false,"visibleForDecisionCenter":false},{"id":"4028dc0890828ea30190829102a70228","processId":34,"processVersion":13,"name":"matriculaColaborador","label":"Matricula do colaborador desligado","variableType":"String","visible":false,"orderField":36,"visibleForRequester":false,"deprecated":false,"visibleForDecisionCenter":false},{"id":"4028dc0890828ea30190829102a90229","processId":34,"processVersion":13,"name":"postoSolicitante","label":"Posto de trabalho do solicitante","variableType":"String","visible":false,"orderField":37,"visibleForRequester":false,"deprecated":false,"visibleForDecisionCenter":false},{"id":"4028626893893c9901939d13d2e929d6","processId":34,"processVersion":13,"name":"papelBp","label":"Papel do BP","variableType":"String","visible":false,"orderField":15,"visibleForRequester":false,"deprecated":false,"visibleForDecisionCenter":false},{"id":"402814c893b7ede50193bc07b974401d","processId":34,"processVersion":13,"name":"nCausaDemissao","label":"Código da causa da demissão","variableType":"String","visible":false,"orderField":1,"visibleForRequester":false,"deprecated":false,"visibleForDecisionCenter":false},{"id":"402814c893b7ede50193bc07b97a401e","processId":34,"processVersion":13,"name":"NMatricula","label":"Código da matricula do colaborador desligado","variableType":"String","visible":false,"orderField":2,"visibleForRequester":false,"deprecated":false,"visibleForDecisionCenter":false},{"id":"402814c893b7ede50193bc07b97c401f","processId":34,"processVersion":13,"name":"NCodigoFilial","label":"Código da filial do colaborador desligado","variableType":"String","visible":false,"orderField":3,"visibleForRequester":false,"deprecated":false,"visibleForDecisionCenter":false},{"id":"402814c893b7ede50193bc07b97e4020","processId":34,"processVersion":13,"name":"NCodigoEmpresa","label":"Código da empresa do colaborador desligado","variableType":"String","visible":false,"orderField":4,"visibleForRequester":false,"deprecated":false,"visibleForDecisionCenter":false},{"id":"40285b4e93b7eb6d0193bb1c186f2e72","processId":34,"processVersion":13,"name":"etapaAtual","label":"Etapa atual do fluxo","variableType":"String","visible":false,"orderField":0,"visibleForRequester":false,"deprecated":true,"visibleForDecisionCenter":false},{"id":"4028dc0890828ea301908291029b0221","processId":34,"processVersion":13,"name":"caminhoValidacao","label":"Define o caminho das validações","variableType":"String","visible":false,"orderField":48,"visibleForRequester":false,"deprecated":false,"visibleForDecisionCenter":false},{"id":"4028dc0890828ea30190829102860214","processId":34,"processVersion":13,"name":"caminhoSolicitacao","label":"Define o caminho da solicitação","variableType":"String","visible":false,"orderField":49,"visibleForRequester":false,"deprecated":false,"visibleForDecisionCenter":false},{"id":"4028dc0890828ea30190829102870215","processId":34,"processVersion":13,"name":"papelRhu","label":"Papel do RHU","variableType":"String","visible":false,"orderField":50,"visibleForRequester":false,"deprecated":false,"visibleForDecisionCenter":false},{"id":"4028dc0890828ea30190829102890216","processId":34,"processVersion":13,"name":"usuarioGestorImediato","label":"Usuário do gestor imediato","variableType":"String","visible":false,"orderField":51,"visibleForRequester":false,"deprecated":true,"visibleForDecisionCenter":false},{"id":"4028dc0890828ea30190829102990220","processId":34,"processVersion":13,"name":"observacaoRhu","label":"Observação do RHU","variableType":"String","visible":false,"orderField":19,"visibleForRequester":false,"deprecated":false,"visibleForDecisionCenter":false},{"id":"4028dc0890828ea30190829102840213","processId":34,"processVersion":13,"name":"observacaoGestorImediato","label":"Observação do gestor imediato","variableType":"String","visible":false,"orderField":20,"visibleForRequester":false,"deprecated":false,"visibleForDecisionCenter":false},{"id":"4028dc0890828ea301908291029d0222","processId":34,"processVersion":13,"name":"observacaoSolicitante","label":"Observação do solicitante","variableType":"String","visible":false,"orderField":21,"visibleForRequester":false,"deprecated":false,"visibleForDecisionCenter":false},{"id":"4028dc0890828ea301908291029f0223","processId":34,"processVersion":13,"name":"statusSolicitacao","label":"Status da solicitação","variableType":"String","visible":false,"orderField":22,"visibleForRequester":false,"deprecated":false,"visibleForDecisionCenter":false},{"id":"4028dc0890828ea301908291028c0218","processId":34,"processVersion":13,"name":"aprovarAvisoPrevio","label":"Aprovar liberação aviso prévio","variableType":"String","visible":false,"orderField":23,"visibleForRequester":false,"deprecated":false,"visibleForDecisionCenter":false},{"id":"4028dc0890828ea30190829102a10224","processId":34,"processVersion":13,"name":"dDataPagamento","label":"Data de pagamento","variableType":"String","visible":false,"orderField":24,"visibleForRequester":false,"deprecated":false,"visibleForDecisionCenter":false},{"id":"4028dc0890828ea301908291028e0219","processId":34,"processVersion":13,"name":"tipoDemissao","label":"Tipo de demissão","variableType":"String","visible":false,"orderField":26,"visibleForRequester":false,"deprecated":false,"visibleForDecisionCenter":false},{"id":"4028dc0890828ea3019082910290021a","processId":34,"processVersion":13,"name":"liberarAvisoPrevio","label":"Liberar aviso prévio","variableType":"String","visible":false,"orderField":27,"visibleForRequester":false,"deprecated":false,"visibleForDecisionCenter":false},{"id":"4028dc0890828ea3019082910293021c","processId":34,"processVersion":13,"name":"motivoDesligamento","label":"Motivo do desligamento","variableType":"String","visible":false,"orderField":29,"visibleForRequester":false,"deprecated":false,"visibleForDecisionCenter":false},{"id":"4028dc0890828ea3019082910295021d","processId":34,"processVersion":13,"name":"dDataDemissao","label":"Data da demissão","variableType":"String","visible":false,"orderField":30,"visibleForRequester":false,"deprecated":false,"visibleForDecisionCenter":false},{"id":"4028dc0890828ea3019082910296021e","processId":34,"processVersion":13,"name":"causaDemissao","label":"Causa da demissão","variableType":"String","visible":false,"orderField":31,"visibleForRequester":false,"deprecated":false,"visibleForDecisionCenter":false},{"id":"4028dc0890828ea30190829102a40226","processId":34,"processVersion":13,"name":"postoColaborador","label":"Posto de trabalho do colaborador desligado","variableType":"String","visible":false,"orderField":34,"visibleForRequester":false,"deprecated":false,"visibleForDecisionCenter":false},{"id":"4028dc0890828ea30190829102ae022c","processId":34,"processVersion":13,"name":"nomeSolicitante","label":"Nome do solicitante","variableType":"String","visible":false,"orderField":40,"visibleForRequester":false,"deprecated":false,"visibleForDecisionCenter":false},{"id":"402835c293ba89d00193bc5c115e64d6","processId":34,"processVersion":13,"name":"dataDemissaoRelatorio","label":"Data demissão para o relatorio ","variableType":"String","visible":false,"orderField":0,"visibleForRequester":false,"deprecated":false,"visibleForDecisionCenter":false},{"id":"4028dc0890828ea30190829102b0022d","processId":34,"processVersion":13,"name":"matriculaSolicitante","label":"Matricula do solicitante","variableType":"String","visible":false,"orderField":41,"visibleForRequester":false,"deprecated":false,"visibleForDecisionCenter":false},{"id":"4028dc0890828ea30190829102a60227","processId":34,"processVersion":13,"name":"nomeColaborador","label":"Nome do colaborador desligado","variableType":"String","visible":false,"orderField":35,"visibleForRequester":false,"deprecated":false,"visibleForDecisionCenter":false},{"id":"4028dc0890828ea30190829102ab022a","processId":34,"processVersion":13,"name":"filialSolicitante","label":"Filial do solicitante","variableType":"String","visible":false,"orderField":38,"visibleForRequester":false,"deprecated":false,"visibleForDecisionCenter":false},{"id":"4028dc0890828ea30190829102ad022b","processId":34,"processVersion":13,"name":"empresaSolicitante","label":"Empresa do solicitante","variableType":"String","visible":false,"orderField":39,"visibleForRequester":false,"deprecated":false,"visibleForDecisionCenter":false},{"id":"4028dc0890828ea30190829102b90233","processId":34,"processVersion":13,"name":"numeroSolicitacao","label":"Numero da solicitação","variableType":"String","visible":false,"orderField":47,"visibleForRequester":false,"deprecated":false,"visibleForDecisionCenter":false},{"id":"402835c293ba89d00193bc316af01067","processId":34,"processVersion":13,"name":"AEstabilidade","label":"Estabilidade","variableType":"String","visible":false,"orderField":5,"visibleForRequester":false,"deprecated":false,"visibleForDecisionCenter":false},{"id":"402835c293ba89d00193bc2f0f7809c1","processId":34,"processVersion":13,"name":"colaboradorDesligadoPom","label":"Colaborador POM","variableType":"String","visible":false,"orderField":6,"visibleForRequester":false,"deprecated":false,"visibleForDecisionCenter":false},{"id":"402835c293ba89d00193bc2f0f8e09c2","processId":34,"processVersion":13,"name":"colaboradorDesligadoPcd","label":"Colaborador PCD","variableType":"String","visible":false,"orderField":7,"visibleForRequester":false,"deprecated":false,"visibleForDecisionCenter":false},{"id":"402835c293ba89d00193bc316af31068","processId":34,"processVersion":13,"name":"DDataTermino","label":"Data termino contrato","variableType":"String","visible":false,"orderField":8,"visibleForRequester":false,"deprecated":false,"visibleForDecisionCenter":false},{"id":"4028dc0890828ea30190829102820212","processId":34,"processVersion":13,"name":"observacaoBp","label":"Observação do BP","variableType":"String","visible":false,"orderField":18,"visibleForRequester":false,"deprecated":false,"visibleForDecisionCenter":false},{"id":"4028dc0890828ea3019082910298021f","processId":34,"processVersion":13,"name":"dataAdmissaoColaborador","label":"Data de admissão do colaborador desligado","variableType":"String","visible":false,"orderField":32,"visibleForRequester":false,"deprecated":false,"visibleForDecisionCenter":false},{"id":"4028dc0890828ea30190829102a20225","processId":34,"processVersion":13,"name":"centroCustoColaborador","label":"Centro de custo do colaborador desligado","variableType":"String","visible":false,"orderField":33,"visibleForRequester":false,"deprecated":false,"visibleForDecisionCenter":false},{"id":"4028dc0890828ea30190829102b2022e","processId":34,"processVersion":13,"name":"dadosDesligamento","label":"JSON com dados do desligamento","variableType":"String","visible":false,"orderField":42,"visibleForRequester":false,"deprecated":false,"visibleForDecisionCenter":false},{"id":"4028dc0890828ea30190829102b3022f","processId":34,"processVersion":13,"name":"colaborador","label":"JSON com dados do colaborador desligado","variableType":"String","visible":false,"orderField":43,"visibleForRequester":false,"deprecated":false,"visibleForDecisionCenter":false},{"id":"4028dc0890828ea30190829102b50230","processId":34,"processVersion":13,"name":"solicitante","label":"JSON com dados do solicitante","variableType":"String","visible":false,"orderField":44,"visibleForRequester":false,"deprecated":false,"visibleForDecisionCenter":false},{"id":"4028dc0890828ea30190829102b60231","processId":34,"processVersion":13,"name":"nomeProcesso","label":"Nome do processo","variableType":"String","visible":false,"orderField":45,"visibleForRequester":false,"deprecated":false,"visibleForDecisionCenter":false},{"id":"4028dc0890828ea30190829102b80232","processId":34,"processVersion":13,"name":"dataSolicitacao","label":"Data da solicitação","variableType":"String","visible":false,"orderField":46,"visibleForRequester":false,"deprecated":false,"visibleForDecisionCenter":false},{"id":"40285b4e93b7eb6d0193bb1aaa252a59","processId":34,"processVersion":13,"name":"tipoAvisoPrevio","label":"Tipo aviso prévio","variableType":"String","visible":false,"orderField":4,"visibleForRequester":false,"deprecated":true,"visibleForDecisionCenter":false},{"id":"40285b4e93b7eb6d0193bb1aaa2e2a5a","processId":34,"processVersion":13,"name":"estabilidade","label":"Estabilidade","variableType":"String","visible":false,"orderField":5,"visibleForRequester":false,"deprecated":true,"visibleForDecisionCenter":false},{"id":"40285b4e93b7eb6d0193bb1aaa322a5b","processId":34,"processVersion":13,"name":"colaboradorPOM","label":"Colaborador POM","variableType":"String","visible":false,"orderField":6,"visibleForRequester":false,"deprecated":true,"visibleForDecisionCenter":false},{"id":"40285b4e93b7eb6d0193bb1aaa352a5c","processId":34,"processVersion":13,"name":"colaboradorPCD","label":"Colaborador PCD","variableType":"String","visible":false,"orderField":7,"visibleForRequester":false,"deprecated":true,"visibleForDecisionCenter":false},{"id":"40285b4e93b7eb6d0193bb1aaa392a5d","processId":34,"processVersion":13,"name":"dDataTerminoContrato","label":"Data termino contrato","variableType":"String","visible":false,"orderField":8,"visibleForRequester":false,"deprecated":true,"visibleForDecisionCenter":false},{"id":"402814c393b136540193b1af14244f81","processId":34,"processVersion":13,"name":"NSlaGerente","label":"SLA do gerente regional","variableType":"Integer","visible":false,"orderField":10,"visibleForRequester":false,"deprecated":false,"visibleForDecisionCenter":false},{"id":"402814c393b136540193b1af142b4f83","processId":34,"processVersion":13,"name":"NSlaRhu","label":"SLA do RHU","variableType":"Integer","visible":false,"orderField":12,"visibleForRequester":false,"deprecated":false,"visibleForDecisionCenter":false},{"id":"402814c393b136540193b1af142d4f84","processId":34,"processVersion":13,"name":"NSlaGestor","label":"SLA do gestor imediato","variableType":"Integer","visible":false,"orderField":13,"visibleForRequester":false,"deprecated":false,"visibleForDecisionCenter":false},{"id":"4028626893893c990193ab63973d5bc9","processId":34,"processVersion":13,"name":"etapaAnterior","label":"Etapa anterior","variableType":"String","visible":false,"orderField":14,"visibleForRequester":false,"deprecated":false,"visibleForDecisionCenter":false},{"id":"40285b4b939155400193ab33210a5839","processId":34,"processVersion":13,"name":"observacaoGerencia","label":"Observação da gerencia regional","variableType":"String","visible":false,"orderField":17,"visibleForRequester":false,"deprecated":false,"visibleForDecisionCenter":false}],"services":[],"customAssignments":[],"conectorConfigurations":[],"conectorInputConfigurationValues":[],"formUrl":"https://localhost:4200/#/detalhes","variableVisibility":"RESTRICT","enableRating":false,"ratingType":"NONE","attachTabVisibility":true,"thirdPartyEdition":"Y2FycmVmb3VyLWhvbW9sb2djb207dHJ1ZQ\u003d\u003d","taskVisibleAfterTreated":false,"requestSubjectMandatory":false,"processId":34,"useNewForm":false}