{"metaVersion":2,"name":"15 - Desligamento","icon":"fad fa-project-diagram","executionType":"InterfaceWeb","author":"gestorponto","created":"2024-09-09T15:57:02.000","simple":false,"embedded":false,"viewName":"bpm_desligamento","contextVariable":[{"id":"4028e2d38d8d8719018d8dbdd8453703","processId":14,"processVersion":6,"name":"caminhoRevisao","label":"Define o caminho pós revisão","variableType":"String","visible":false,"orderField":0,"visibleForRequester":false,"deprecated":true,"visibleForDecisionCenter":false},{"id":"4028e2d58da220f9018da8e145c60f0a","processId":14,"processVersion":13,"name":"observacaoRh","label":"Observação do RH","variableType":"String","visible":false,"orderField":0,"visibleForRequester":false,"deprecated":false,"visibleForDecisionCenter":false},{"id":"4028a3c68d8b1354018d8db9cdcc0c0c","processId":14,"processVersion":13,"name":"papelRhu","label":"Papel do RHU","variableType":"String","visible":false,"orderField":34,"visibleForRequester":false,"deprecated":false,"visibleForDecisionCenter":false},{"id":"4028a3c68d8b1354018d8db9cdcd0c0d","processId":14,"processVersion":13,"name":"usuarioGestorImediato","label":"Usuário do gestor imediato","variableType":"String","visible":false,"orderField":35,"visibleForRequester":false,"deprecated":false,"visibleForDecisionCenter":false},{"id":"4028e2d58da220f9018da8e145d50f0e","processId":14,"processVersion":13,"name":"observacaoGestorImediato","label":"Observação do gestor imediato","variableType":"String","visible":false,"orderField":4,"visibleForRequester":false,"deprecated":false,"visibleForDecisionCenter":false},{"id":"4028a3c68d8b1354018d8db9cdcb0c0b","processId":14,"processVersion":13,"name":"caminhoSolicitacao","label":"Define o caminho da solicitação","variableType":"String","visible":false,"orderField":33,"visibleForRequester":false,"deprecated":false,"visibleForDecisionCenter":false},{"id":"4028e2d58da220f9018da8e145e30f12","processId":14,"processVersion":7,"name":"AvisoPrevio","label":"Aviso prévio","variableType":"String","visible":false,"orderField":8,"visibleForRequester":false,"deprecated":true,"visibleForDecisionCenter":false},{"id":"402836c88da7478b018da91d59e25b68","processId":14,"processVersion":7,"name":"avisoPrevioaaa","label":"Aviso prévio","variableType":"String","visible":false,"orderField":8,"visibleForRequester":false,"deprecated":true,"visibleForDecisionCenter":false},{"id":"4028e2d58da220f9018da8e145cc0f0b","processId":14,"processVersion":13,"name":"observacaoCsc","label":"Observação do CSC","variableType":"String","visible":false,"orderField":1,"visibleForRequester":false,"deprecated":false,"visibleForDecisionCenter":false},{"id":"4028e2d58da220f9018da8e145cf0f0c","processId":14,"processVersion":13,"name":"observacaoBp","label":"Observação do BP","variableType":"String","visible":false,"orderField":2,"visibleForRequester":false,"deprecated":false,"visibleForDecisionCenter":false},{"id":"402836c88da7478b018da91d766e5bca","processId":14,"processVersion":13,"name":"avisoPrevio","label":"Aviso prévio","variableType":"String","visible":false,"orderField":9,"visibleForRequester":false,"deprecated":false,"visibleForDecisionCenter":false},{"id":"4028e2d58da220f9018da8e146170f23","processId":14,"processVersion":13,"name":"dadosDesligamento","label":"JSON com dados do desligamento","variableType":"String","visible":false,"orderField":26,"visibleForRequester":false,"deprecated":false,"visibleForDecisionCenter":false},{"id":"4028e2d58da220f9018da8e1461a0f24","processId":14,"processVersion":13,"name":"colaborador","label":"JSON com dados do colaborador desligado","variableType":"String","visible":false,"orderField":27,"visibleForRequester":false,"deprecated":false,"visibleForDecisionCenter":false},{"id":"4028e2d58da220f9018da8e1461d0f25","processId":14,"processVersion":13,"name":"solicitante","label":"JSON com dados do solicitante","variableType":"String","visible":false,"orderField":28,"visibleForRequester":false,"deprecated":false,"visibleForDecisionCenter":false},{"id":"4028e2d58da220f9018da8e146200f26","processId":14,"processVersion":13,"name":"nomeProcesso","label":"Nome do processo","variableType":"String","visible":false,"orderField":29,"visibleForRequester":false,"deprecated":false,"visibleForDecisionCenter":false},{"id":"4028e2d58da220f9018da8e146230f27","processId":14,"processVersion":13,"name":"dataSolicitacao","label":"Data da solicitação","variableType":"String","visible":false,"orderField":30,"visibleForRequester":false,"deprecated":false,"visibleForDecisionCenter":false},{"id":"4028e2d58da220f9018da8e146260f28","processId":14,"processVersion":13,"name":"numeroSolicitacao","label":"Numero da solicitação","variableType":"String","visible":false,"orderField":31,"visibleForRequester":false,"deprecated":false,"visibleForDecisionCenter":false},{"id":"402806428dabfad0018dad081909319a","processId":14,"processVersion":13,"name":"aprovarAvisoPrevio","label":"Aprovar liberação aviso prévio","variableType":"String","visible":false,"orderField":7,"visibleForRequester":false,"deprecated":false,"visibleForDecisionCenter":false},{"id":"4028e2d58da220f9018da8e145e60f13","processId":14,"processVersion":13,"name":"tipoDemissao","label":"Tipo de demissão","variableType":"String","visible":false,"orderField":10,"visibleForRequester":false,"deprecated":false,"visibleForDecisionCenter":false},{"id":"4028e2d58da220f9018da8e145e90f14","processId":14,"processVersion":13,"name":"liberarAvisoPrevio","label":"Liberar aviso prévio","variableType":"String","visible":false,"orderField":11,"visibleForRequester":false,"deprecated":false,"visibleForDecisionCenter":false},{"id":"4028e2d58da220f9018da8e145ec0f15","processId":14,"processVersion":13,"name":"dDataAvisoPrevio","label":"Data do aviso prévio","variableType":"String","visible":false,"orderField":12,"visibleForRequester":false,"deprecated":false,"visibleForDecisionCenter":false},{"id":"4028e2d58da220f9018da8e145ef0f16","processId":14,"processVersion":13,"name":"motivoDesligamento","label":"Motivo do desligamento","variableType":"String","visible":false,"orderField":13,"visibleForRequester":false,"deprecated":false,"visibleForDecisionCenter":false},{"id":"4028e2d58da220f9018da8e145f20f17","processId":14,"processVersion":13,"name":"dDataDemissao","label":"Data da demissão","variableType":"String","visible":false,"orderField":14,"visibleForRequester":false,"deprecated":false,"visibleForDecisionCenter":false},{"id":"4028e2d58da220f9018da8e145f50f18","processId":14,"processVersion":13,"name":"causaDemissao","label":"Causa da demissão","variableType":"String","visible":false,"orderField":15,"visibleForRequester":false,"deprecated":false,"visibleForDecisionCenter":false},{"id":"4028e2d58da220f9018da8e145f80f19","processId":14,"processVersion":13,"name":"dataAdmissaoColaborador","label":"Data de admissão do colaborador desligado","variableType":"String","visible":false,"orderField":16,"visibleForRequester":false,"deprecated":false,"visibleForDecisionCenter":false},{"id":"4028e2d58da220f9018da8e145d20f0d","processId":14,"processVersion":13,"name":"observacaoRhu","label":"Observação do RHU","variableType":"String","visible":false,"orderField":3,"visibleForRequester":false,"deprecated":false,"visibleForDecisionCenter":false},{"id":"4028a3c68d8b1354018d8db9cdc60c0a","processId":14,"processVersion":13,"name":"caminhoValidacao","label":"Define o caminho das validações","variableType":"String","visible":false,"orderField":32,"visibleForRequester":false,"deprecated":false,"visibleForDecisionCenter":false},{"id":"4028e2d58da220f9018da8e145d90f0f","processId":14,"processVersion":13,"name":"observacaoSolicitante","label":"Observação do solicitante","variableType":"String","visible":false,"orderField":5,"visibleForRequester":false,"deprecated":false,"visibleForDecisionCenter":false},{"id":"4028e2d58da220f9018da8e145dd0f10","processId":14,"processVersion":13,"name":"statusSolicitacao","label":"Status da solicitação","variableType":"String","visible":false,"orderField":6,"visibleForRequester":false,"deprecated":false,"visibleForDecisionCenter":false},{"id":"4028e2d58da220f9018da8e145e00f11","processId":14,"processVersion":13,"name":"dDataPagamento","label":"Data de pagamento","variableType":"String","visible":false,"orderField":8,"visibleForRequester":false,"deprecated":false,"visibleForDecisionCenter":false},{"id":"4028e2d58da220f9018da8e145fb0f1a","processId":14,"processVersion":13,"name":"centroCustoColaborador","label":"Centro de custo do colaborador desligado","variableType":"String","visible":false,"orderField":17,"visibleForRequester":false,"deprecated":false,"visibleForDecisionCenter":false},{"id":"4028e2d58da220f9018da8e145fe0f1b","processId":14,"processVersion":13,"name":"postoColaborador","label":"Posto de trabalho do colaborador desligado","variableType":"String","visible":false,"orderField":18,"visibleForRequester":false,"deprecated":false,"visibleForDecisionCenter":false},{"id":"4028e2d58da220f9018da8e146020f1c","processId":14,"processVersion":13,"name":"nomeColaborador","label":"Nome do colaborador desligado","variableType":"String","visible":false,"orderField":19,"visibleForRequester":false,"deprecated":false,"visibleForDecisionCenter":false},{"id":"4028e2d58da220f9018da8e146050f1d","processId":14,"processVersion":13,"name":"matriculaColaborador","label":"Matricula do colaborador desligado","variableType":"String","visible":false,"orderField":20,"visibleForRequester":false,"deprecated":false,"visibleForDecisionCenter":false},{"id":"4028e2d58da220f9018da8e146080f1e","processId":14,"processVersion":13,"name":"postoSolicitante","label":"Posto de trabalho do solicitante","variableType":"String","visible":false,"orderField":21,"visibleForRequester":false,"deprecated":false,"visibleForDecisionCenter":false},{"id":"4028e2d58da220f9018da8e1460b0f1f","processId":14,"processVersion":13,"name":"filialSolicitante","label":"Filial do solicitante","variableType":"String","visible":false,"orderField":22,"visibleForRequester":false,"deprecated":false,"visibleForDecisionCenter":false},{"id":"4028e2d58da220f9018da8e1460e0f20","processId":14,"processVersion":13,"name":"empresaSolicitante","label":"Empresa do solicitante","variableType":"String","visible":false,"orderField":23,"visibleForRequester":false,"deprecated":false,"visibleForDecisionCenter":false},{"id":"4028e2d58da220f9018da8e146110f21","processId":14,"processVersion":13,"name":"nomeSolicitante","label":"Nome do solicitante","variableType":"String","visible":false,"orderField":24,"visibleForRequester":false,"deprecated":false,"visibleForDecisionCenter":false},{"id":"4028e2d58da220f9018da8e146140f22","processId":14,"processVersion":13,"name":"matriculaSolicitante","label":"Matricula do solicitante","variableType":"String","visible":false,"orderField":25,"visibleForRequester":false,"deprecated":false,"visibleForDecisionCenter":false}],"services":[],"customAssignments":[],"conectorConfigurations":[],"conectorInputConfigurationValues":[],"formUrl":"https://d2qwxrhc5yx969.cloudfront.net/15-desligamento/homol/index.html#/detalhes","variableVisibility":"RESTRICT","attachTabVisibility":true,"thirdPartyEdition":"Y2FycmVmb3VyLWhvbW9sb2djb207dHJ1ZQ\u003d\u003d","taskVisibleAfterTreated":false,"requestSubjectMandatory":false}