{"metaVersion":2,"name":"10 - Solicitação de Alteração de Seguro de Vida","icon":"fad fa-project-diagram","executionType":"InterfaceWeb","author":"senior.mfilho","created":"2024-02-02T10:14:21.000","simple":false,"embedded":false,"viewName":"BPM_10___solicitacao_de_alteracao_de_seguro_de_vida","contextVariable":[{"id":"402872c68d690df4018d69f15589433f","processId":11,"processVersion":2,"name":"ANome","label":"Nome solicitante","variableType":"String","visible":false,"orderField":3,"visibleForRequester":false,"deprecated":false,"visibleForDecisionCenter":false},{"id":"402872c68d690df4018d69f1559f4346","processId":11,"processVersion":2,"name":"dataSolicitacao","label":"Data da solicitação","variableType":"String","visible":false,"orderField":10,"visibleForRequester":false,"deprecated":false,"visibleForDecisionCenter":false},{"id":"402872c68d690df4018d69f1558f4341","processId":11,"processVersion":2,"name":"dependentes","label":"JSON com lista de dependentes ","variableType":"String","visible":false,"orderField":5,"visibleForRequester":false,"deprecated":false,"visibleForDecisionCenter":false},{"id":"402872c68d690df4018d69f15585433e","processId":11,"processVersion":2,"name":"empresa","label":"Empresa solicitante","variableType":"String","visible":false,"orderField":2,"visibleForRequester":false,"deprecated":false,"visibleForDecisionCenter":false},{"id":"402872c68d690df4018d69f15582433d","processId":11,"processVersion":2,"name":"filial","label":"Filial solicitante","variableType":"String","visible":false,"orderField":1,"visibleForRequester":false,"deprecated":false,"visibleForDecisionCenter":false},{"id":"402872c68d690df4018d69f155924342","processId":11,"processVersion":2,"name":"listaGrausParentescos","label":"JSON com lista de parentesco","variableType":"String","visible":false,"orderField":6,"visibleForRequester":false,"deprecated":false,"visibleForDecisionCenter":false},{"id":"402872c68d690df4018d69f1558c4340","processId":11,"processVersion":2,"name":"NMatricula","label":"Matricula solicitante","variableType":"String","visible":false,"orderField":4,"visibleForRequester":false,"deprecated":false,"visibleForDecisionCenter":false},{"id":"402872c68d690df4018d69f1559c4345","processId":11,"processVersion":2,"name":"nomeProcesso","label":"Nome do processo","variableType":"String","visible":false,"orderField":9,"visibleForRequester":false,"deprecated":false,"visibleForDecisionCenter":false},{"id":"402872c68d690df4018d69f155a24347","processId":11,"processVersion":2,"name":"numeroSolicitacao","label":"Numero da solicitação","variableType":"String","visible":false,"orderField":11,"visibleForRequester":false,"deprecated":false,"visibleForDecisionCenter":false},{"id":"402872c68d690df4018d69f155964343","processId":11,"processVersion":2,"name":"planoSolicitante","label":"JSON com dados do plano do solicitante","variableType":"String","visible":false,"orderField":7,"visibleForRequester":false,"deprecated":false,"visibleForDecisionCenter":false},{"id":"402872c68d690df4018d69f1557c433c","processId":11,"processVersion":2,"name":"posto","label":"Posto de trabalho do solicitante","variableType":"String","visible":false,"orderField":0,"visibleForRequester":false,"deprecated":false,"visibleForDecisionCenter":false},{"id":"402872c68d690df4018d69f155994344","processId":11,"processVersion":2,"name":"solicitante","label":"JSON com dados do solicitante","variableType":"String","visible":false,"orderField":8,"visibleForRequester":false,"deprecated":false,"visibleForDecisionCenter":false}],"services":[],"customAssignments":[],"conectorConfigurations":[],"conectorInputConfigurationValues":[],"formUrl":"https://localhost:4200/#/","variableVisibility":"RESTRICT","attachTabVisibility":true,"thirdPartyEdition":"Y2FycmVmb3VyLWhvbW9sb2djb207dHJ1ZQ\u003d\u003d","taskVisibleAfterTreated":false}