{"metaVersion":2,"name":"4 - Previdência Privada","icon":"fad fa-project-diagram","executionType":"InterfaceWeb","author":"senior.mfilho","created":"2024-01-09T08:36:13.000","simple":false,"embedded":false,"viewName":"bpm_previdencia_privada","contextVariable":[{"id":"4028d0858cca5739018cedfb33d0699a","processId":2,"processVersion":4,"name":"statusSolicitacao","label":"Status da solicitação","variableType":"String","visible":false,"orderField":0,"visibleForRequester":false,"deprecated":false,"visibleForDecisionCenter":false},{"id":"4028d0858cca5739018cedfb33da699b","processId":2,"processVersion":4,"name":"beneficairios","label":"Lista de nome dos beneficiários ","variableType":"String","visible":false,"orderField":1,"visibleForRequester":false,"deprecated":false,"visibleForDecisionCenter":false},{"id":"4028d0858cca5739018cedfb33e0699c","processId":2,"processVersion":4,"name":"centroCustoSolicitante","label":"Centro de custo do solicitante","variableType":"String","visible":false,"orderField":2,"visibleForRequester":false,"deprecated":false,"visibleForDecisionCenter":false},{"id":"4028d0858cca5739018cedfb3402699d","processId":2,"processVersion":4,"name":"postoSolicitante","label":"Posto do solicitante","variableType":"String","visible":false,"orderField":3,"visibleForRequester":false,"deprecated":false,"visibleForDecisionCenter":false},{"id":"4028d0858cca5739018cedfb3406699e","processId":2,"processVersion":4,"name":"filialSolicitante","label":"Filial do solicitante","variableType":"String","visible":false,"orderField":4,"visibleForRequester":false,"deprecated":false,"visibleForDecisionCenter":false},{"id":"4028d0858cca5739018cedfb3443699f","processId":2,"processVersion":4,"name":"dataAdmissaoSolicitante","label":"Data de admissão do solicitante","variableType":"String","visible":false,"orderField":5,"visibleForRequester":false,"deprecated":false,"visibleForDecisionCenter":false},{"id":"4028d0858cca5739018cedfb344d69a0","processId":2,"processVersion":4,"name":"nomeMatriculaSolicitante","label":"Matricula e nome do solicitante","variableType":"String","visible":false,"orderField":6,"visibleForRequester":false,"deprecated":false,"visibleForDecisionCenter":false},{"id":"4028d0858cca5739018cedfb345569a1","processId":2,"processVersion":3,"name":"empresaSolicitacao","label":"Empresa do solicitante","variableType":"String","visible":false,"orderField":7,"visibleForRequester":false,"deprecated":true,"visibleForDecisionCenter":false},{"id":"4028d0858cca5739018cedfb346169a2","processId":2,"processVersion":4,"name":"observacaoSolicitante","label":"Observação do solicitante","variableType":"String","visible":false,"orderField":8,"visibleForRequester":false,"deprecated":false,"visibleForDecisionCenter":false},{"id":"4028d0858cca5739018cedfb346d69a3","processId":2,"processVersion":4,"name":"dadosSolicitacao","label":"JSON com dados da solicitação","variableType":"String","visible":false,"orderField":9,"visibleForRequester":false,"deprecated":false,"visibleForDecisionCenter":false},{"id":"4028d0858cca5739018cedfb347969a4","processId":2,"processVersion":4,"name":"solicitante","label":"JSON com dados do solicitante","variableType":"String","visible":false,"orderField":10,"visibleForRequester":false,"deprecated":false,"visibleForDecisionCenter":false},{"id":"4028d0858cca5739018cedfb348269a5","processId":2,"processVersion":4,"name":"contribuicao","label":"Porcentagem de contribuição","variableType":"String","visible":false,"orderField":11,"visibleForRequester":false,"deprecated":false,"visibleForDecisionCenter":false},{"id":"4028d0858cca5739018cedfb348769a6","processId":2,"processVersion":4,"name":"tipoRegime","label":"Tipo do regime","variableType":"String","visible":false,"orderField":12,"visibleForRequester":false,"deprecated":false,"visibleForDecisionCenter":false},{"id":"4028d0858cca5739018cedfb349969a7","processId":2,"processVersion":4,"name":"opcaoContribuicao","label":"Opção de contribuição","variableType":"String","visible":false,"orderField":13,"visibleForRequester":false,"deprecated":false,"visibleForDecisionCenter":false},{"id":"4028d0858cca5739018cedfb349d69a8","processId":2,"processVersion":4,"name":"tipoSolicitacao","label":"Tipo da solicitação","variableType":"String","visible":false,"orderField":14,"visibleForRequester":false,"deprecated":false,"visibleForDecisionCenter":false},{"id":"4028d0858cca5739018cedfb34a169a9","processId":2,"processVersion":4,"name":"dataSolicitacao","label":"Data da solicitação ","variableType":"String","visible":false,"orderField":15,"visibleForRequester":false,"deprecated":false,"visibleForDecisionCenter":false},{"id":"4028d0858cca5739018cedfb34aa69aa","processId":2,"processVersion":4,"name":"numeroSolicitacao","label":"Numero da solicitação","variableType":"Integer","visible":false,"orderField":16,"visibleForRequester":false,"deprecated":false,"visibleForDecisionCenter":false},{"id":"4028d0858cca5739018cfe03ab7842c9","processId":2,"processVersion":4,"name":"empresaSolicitante","label":"Empresa do solicitante","variableType":"String","visible":false,"orderField":7,"visibleForRequester":false,"deprecated":false,"visibleForDecisionCenter":false}],"services":[],"customAssignments":[],"conectorConfigurations":[],"conectorInputConfigurationValues":[],"formUrl":"https://localhost:4200/#/","variableVisibility":"RESTRICT","attachTabVisibility":true,"thirdPartyEdition":"Y2FycmVmb3VyLWhvbW9sb2djb207dHJ1ZQ\u003d\u003d","taskVisibleAfterTreated":false}